PWS ID,PWS Name,EPA Region,Primacy Agency,PWS Type,Primacy Type,Primary Source,Activity Status,Deactivation Date,Population Served Count,Rule Name,Violation Code,Violation Type,Violation Category Code,Is Health Based,Contaminant Name,Compliance Period Begin Date,Compliance Period End Date,Compliance Status,RTC Date,Enforcement Action Type Code,Enforcement Action Description,Is Major Violation,Severity Indicator Count,Public Notification Tier,Violation First Reported Date
NH0515010,CONWAY COMMUNITY BLDG,Region 1,New Hampshire,Non-Transient non-community system,State,Ground water,Active,-,50,Lead and Copper Rule,58,OCCT/SOWT Treatment Installation/Demonstration,TT,Y,Lead and Copper Rule,23-SEP-2017,-,Open,-,SIE,State Public Notification requested,-,-,2,05-OCT-2017
NC0175490,PAVILLON INTERNATIONAL,Region 4,North Carolina,Non-Transient non-community system,State,Ground water,Active,-,99,Lead and Copper Rule,58,OCCT/SOWT Treatment Installation/Demonstration,TT,Y,Lead and Copper Rule,02-AUG-2017,-,Open,-,SIF,State Public Notification received,-,-,2,29-SEP-2017
NC0105107,LAUREL MOUNTAIN ESTATES,Region 4,North Carolina,Community water system,State,Ground water,Active,-,70,Lead and Copper Rule,58,OCCT/SOWT Treatment Installation/Demonstration,TT,Y,Lead and Copper Rule,02-AUG-2017,-,Open,-,SIF,State Public Notification received,-,-,2,29-SEP-2017
LA1017062,FOUR FORKS WATER SYSTEM,Region 6,Louisiana,Community water system,State,Ground water,Active,-,600,Lead and Copper Rule,57,OCCT/SOWT Study/Recommendation,TT,Y,Lead and Copper Rule,11-JUL-2017,-,Open,-,SIE,State Public Notification requested,-,-,2,25-SEP-2017
LA1043013,CENTRAL GRANT WATER SYSTEM,Region 6,Louisiana,Community water system,State,Ground water,Active,-,2250,Lead and Copper Rule,57,OCCT/SOWT Study/Recommendation,TT,Y,Lead and Copper Rule,11-JUL-2017,-,Open,-,SIE,State Public Notification requested,-,-,2,25-SEP-2017
LA1099009,UNITED WATER SYSTEM,Region 6,Louisiana,Community water system,State,Ground water,Active,-,4114,Lead and Copper Rule,57,OCCT/SOWT Study/Recommendation,TT,Y,Lead and Copper Rule,11-JUL-2017,-,Returned to Compliance,21-AUG-2017,SOX,State Compliance achieved,-,-,2,25-SEP-2017
LA1105090,WOODSIDE MHP,Region 6,Louisiana,Community water system,State,Ground water,Active,-,60,Lead and Copper Rule,57,OCCT/SOWT Study/Recommendation,TT,Y,Lead and Copper Rule,11-JUL-2017,-,Open,-,SIE,State Public Notification requested,-,-,2,25-SEP-2017
LA1035006,EAST CARROLL WS NORTH,Region 6,Louisiana,Community water system,State,Ground water purchased,Active,-,45,Lead and Copper Rule,57,OCCT/SOWT Study/Recommendation,TT,Y,Lead and Copper Rule,11-JUL-2017,-,Open,-,SIE,State Public Notification requested,-,-,2,25-SEP-2017
NC0145420,MOUNTAIN VIEW ASSISTED LIVING,Region 4,North Carolina,Community water system,State,Ground water,Active,-,44,Lead and Copper Rule,58,OCCT/SOWT Treatment Installation/Demonstration,TT,Y,Lead and Copper Rule,02-JUL-2017,-,Open,-,SIF,State Public Notification received,-,-,2,29-SEP-2017
TX0480011,EOLA WSC,Region 6,Texas,Community water system,State,Ground water,Active,-,168,Lead and Copper Rule,52,Follow-up Or Routine LCR Tap M/R,MR,N,Lead and Copper Rule,01-JUL-2017,-,Open,-,SIE,State Public Notification requested,-,-,3,25-SEP-2017
PA2450054,SUN VALLEY WATER CO,Region 3,Pennsylvania,Community water system,State,Ground water,Active,-,120,Lead and Copper Rule,52,Follow-up Or Routine LCR Tap M/R,MR,N,Lead and Copper Rule,01-JUL-2017,-,Open,-,SFJ,State Formal Notice of Violation issued,-,-,3,19-SEP-2017
PA2450932,CHATEAU RESORT AND CON CENTER,Region 3,Pennsylvania,Non-Transient non-community system,State,Ground water,Active,-,65,Lead and Copper Rule,52,Follow-up Or Routine LCR Tap M/R,MR,N,Lead and Copper Rule,01-JUL-2017,-,Open,-,SIA,State Violation/Reminder Notice,-,-,3,18-AUG-2017
TX2120026,CITY OF WINONA,Region 6,Texas,Community water system,State,Ground water,Active,-,611,Lead and Copper Rule,52,Follow-up Or Routine LCR Tap M/R,MR,N,Lead and Copper Rule,01-JUL-2017,-,Open,-,SIE,State Public Notification requested,-,-,3,25-SEP-2017
ME0092515,RSU 64 CORINTH ELEMENTARY SCHOOL,Region 1,Maine,Non-Transient non-community system,State,Ground water,Active,-,581,Lead and Copper Rule,51,Initial Tap Sampling for Pb and Cu,MR,N,Lead and Copper Rule,01-JUL-2017,-,Open,-,SIE,State Public Notification requested,-,-,3,02-OCT-2017
TX1520232,WEST ROOSEVELT MOBILE HOME PARK,Region 6,Texas,Community water system,State,Ground water,Active,-,52,Lead and Copper Rule,52,Follow-up Or Routine LCR Tap M/R,MR,N,Lead and Copper Rule,01-JUL-2017,-,Open,-,SIE,State Public Notification requested,-,-,3,25-SEP-2017
TX1520072,TEXAS BOYS RANCH,Region 6,Texas,Community water system,State,Ground water,Active,-,50,Lead and Copper Rule,52,Follow-up Or Routine LCR Tap M/R,MR,N,Lead and Copper Rule,01-JUL-2017,-,Open,-,SIE,State Public Notification requested,-,-,3,25-SEP-2017
NH0506050,BLAKES ALL NATURAL FOODS,Region 1,New Hampshire,Non-Transient non-community system,State,Ground water,Active,-,50,Lead and Copper Rule,57,OCCT/SOWT Study/Recommendation,TT,Y,Lead and Copper Rule,01-JUL-2017,-,Returned to Compliance,24-JUL-2017,SIF,State Public Notification received,-,-,2,05-OCT-2017
TX1900004,CITY OF POINT,Region 6,Texas,Community water system,State,Surface water,Active,-,2961,Lead and Copper Rule,52,Follow-up Or Routine LCR Tap M/R,MR,N,Lead and Copper Rule,01-JUL-2017,-,Open,-,SFO,State Administrative/Compliance Order with penalty issued,-,-,3,25-SEP-2017
CO0136724,STARKVILLE TOWN OF,Region 8,Colorado,Community water system,State,Surface water purchased,Active,-,127,Lead and Copper Rule,51,Initial Tap Sampling for Pb and Cu,MR,N,Lead and Copper Rule,01-JUL-2017,-,Open,-,SIE,State Public Notification requested,-,-,3,15-AUG-2017
WA5326091,Eaglecrest Water & Road Association,Region 10,Washington,Community water system,State,Ground water,Active,-,28,Lead and Copper Rule,51,Initial Tap Sampling for Pb and Cu,MR,N,Lead and Copper Rule,01-JUL-2017,-,Open,-,-,-,-,-,3,19-SEP-2017
WA5306122,PETROGAS FERNDALE TERMINAL,Region 10,Washington,Non-Transient non-community system,State,Surface water,Active,-,36,Lead and Copper Rule,51,Initial Tap Sampling for Pb and Cu,MR,N,Lead and Copper Rule,01-JUL-2017,-,Open,-,-,-,-,-,3,19-SEP-2017
PA7670943,BRIGHT WATER LANDING,Region 3,Pennsylvania,Non-Transient non-community system,State,Ground water,Active,-,80,Lead and Copper Rule,51,Initial Tap Sampling for Pb and Cu,MR,N,Lead and Copper Rule,01-JUL-2017,-,Open,-,SIE,State Public Notification requested,-,-,3,18-AUG-2017
WA5300545,Cheney Public Schools,Region 10,Washington,Non-Transient non-community system,State,Ground water,Active,-,36,Lead and Copper Rule,51,Initial Tap Sampling for Pb and Cu,MR,N,Lead and Copper Rule,01-JUL-2017,-,Open,-,-,-,-,-,3,19-SEP-2017
CO0136185,COKEDALE TOWN OF,Region 8,Colorado,Community water system,State,Surface water purchased,Active,-,120,Lead and Copper Rule,51,Initial Tap Sampling for Pb and Cu,MR,N,Lead and Copper Rule,01-JUL-2017,-,Open,-,SIE,State Public Notification requested,-,-,3,15-AUG-2017
TX1650047,WESTGATE MANUFACTURED TOWNHOME COMMUNITY,Region 6,Texas,Community water system,State,Ground water,Active,-,318,Lead and Copper Rule,52,Follow-up Or Routine LCR Tap M/R,MR,N,Lead and Copper Rule,01-JUL-2017,-,Open,-,SIE,State Public Notification requested,-,-,3,25-SEP-2017
TX1650022,SHERWOOD ESTATES MANUFACTURED TOWNHOME C,Region 6,Texas,Community water system,State,Ground water,Active,-,102,Lead and Copper Rule,52,Follow-up Or Routine LCR Tap M/R,MR,N,Lead and Copper Rule,01-JUL-2017,-,Open,-,SIE,State Public Notification requested,-,-,3,25-SEP-2017
PA7010002,BENDERSVILLE MUNI AUTH,Region 3,Pennsylvania,Community water system,State,Ground water,Active,-,1039,Lead and Copper Rule,52,Follow-up Or Routine LCR Tap M/R,MR,N,Lead and Copper Rule,01-JUL-2017,-,Returned to Compliance,20-JUL-2017,SOX,State Compliance achieved,-,-,3,18-AUG-2017
TX1650111,COUNTRY VILLAGE MOBILE HOME ESTATES,Region 6,Texas,Community water system,State,Ground water,Active,-,138,Lead and Copper Rule,52,Follow-up Or Routine LCR Tap M/R,MR,N,Lead and Copper Rule,01-JUL-2017,-,Open,-,SIE,State Public Notification requested,-,-,3,25-SEP-2017
TX1013569,DYNAMIC GLASS REAL ESTATE,Region 6,Texas,Non-Transient non-community system,State,Ground water,Active,-,200,Lead and Copper Rule,51,Initial Tap Sampling for Pb and Cu,MR,N,Lead and Copper Rule,01-JUL-2017,-,Open,-,SIE,State Public Notification requested,-,-,3,25-SEP-2017
TX2380006,CITY OF BARSTOW,Region 6,Texas,Community water system,State,Ground water purchased,Active,-,763,Lead and Copper Rule,52,Follow-up Or Routine LCR Tap M/R,MR,N,Lead and Copper Rule,01-JUL-2017,-,Open,-,SFJ,State Formal Notice of Violation issued,-,-,3,25-SEP-2017
TX1100004,CITY OF ROPESVILLE,Region 6,Texas,Community water system,State,Ground water,Active,-,483,Lead and Copper Rule,52,Follow-up Or Routine LCR Tap M/R,MR,N,Lead and Copper Rule,01-JUL-2017,-,Open,-,SFJ,State Formal Notice of Violation issued,-,-,3,25-SEP-2017
TX2080004,IRA WSC,Region 6,Texas,Community water system,State,Surface water purchased,Active,-,680,Lead and Copper Rule,52,Follow-up Or Routine LCR Tap M/R,MR,N,Lead and Copper Rule,01-JUL-2017,-,Open,-,SFJ,State Formal Notice of Violation issued,-,-,3,25-SEP-2017
TX1550139,ROLLING HILLS WATER SUPPLY,Region 6,Texas,Community water system,State,Ground water,Active,-,138,Lead and Copper Rule,52,Follow-up Or Routine LCR Tap M/R,MR,N,Lead and Copper Rule,01-JUL-2017,-,Open,-,SFJ,State Formal Notice of Violation issued,-,-,3,25-SEP-2017
TX1050051,HAYS CONSOLIDATED ISD JACK C HAYS HIGH S,Region 6,Texas,Non-Transient non-community system,State,Ground water,Active,-,3401,Lead and Copper Rule,52,Follow-up Or Routine LCR Tap M/R,MR,N,Lead and Copper Rule,01-JUL-2017,-,Open,-,SIE,State Public Notification requested,-,-,3,25-SEP-2017
TX0200707,COUNTRY CROSSROADS MHP,Region 6,Texas,Community water system,State,Ground water,Active,-,48,Lead and Copper Rule,51,Initial Tap Sampling for Pb and Cu,MR,N,Lead and Copper Rule,01-JUL-2017,-,Open,-,SIE,State Public Notification requested,-,-,3,25-SEP-2017
CO0160295,DIVIDE MPC MD NO 1,Region 8,Colorado,Community water system,State,Ground water,Active,-,679,Lead and Copper Rule,56,"Initial, Follow-up, or Routine Source Water M/R",MR,N,Lead and Copper Rule,01-JUL-2017,-,Open,-,SIE,State Public Notification requested,-,-,3,15-AUG-2017
TX1120020,SHADY GROVE NO 2 WSC,Region 6,Texas,Community water system,State,Surface water purchased,Active,-,825,Lead and Copper Rule,52,Follow-up Or Routine LCR Tap M/R,MR,N,Lead and Copper Rule,01-JUL-2017,-,Open,-,SFJ,State Formal Notice of Violation issued,-,-,3,25-SEP-2017
PA1090371,WARWICK HOUSE,Region 3,Pennsylvania,Non-Transient non-community system,State,Ground water,Active,-,50,Lead and Copper Rule,51,Initial Tap Sampling for Pb and Cu,MR,N,Lead and Copper Rule,01-JUL-2017,-,Returned to Compliance,21-JUL-2017,SOX,State Compliance achieved,-,-,3,18-AUG-2017
ME0092604,AMYS CIRCLE MOBILE HOME PARK,Region 1,Maine,Community water system,State,Ground water,Active,-,30,Lead and Copper Rule,51,Initial Tap Sampling for Pb and Cu,MR,N,Lead and Copper Rule,01-JUL-2017,-,Open,-,SIE,State Public Notification requested,-,-,3,02-OCT-2017
TX1013533,APACHE INDUSTRIAL SERVICES,Region 6,Texas,Non-Transient non-community system,State,Ground water,Active,-,200,Lead and Copper Rule,51,Initial Tap Sampling for Pb and Cu,MR,N,Lead and Copper Rule,01-JUL-2017,-,Open,-,SIF,State Public Notification received,-,-,3,25-SEP-2017
TX1700694,VISTA VERDE WATER SYSTEMS,Region 6,Texas,Community water system,State,Ground water,Active,-,111,Lead and Copper Rule,52,Follow-up Or Routine LCR Tap M/R,MR,N,Lead and Copper Rule,01-JUL-2017,-,Open,-,SIF,State Public Notification received,-,-,3,25-SEP-2017
TX1013247,TIDWELL FOREST NEW SUBDIVISION,Region 6,Texas,Community water system,State,Ground water,Active,-,225,Lead and Copper Rule,51,Initial Tap Sampling for Pb and Cu,MR,N,Lead and Copper Rule,01-JUL-2017,-,Open,-,SIF,State Public Notification received,-,-,3,25-SEP-2017
TX1013582,HEAVENS MOBILE HOME PARK,Region 6,Texas,Community water system,State,Ground water,Active,-,60,Lead and Copper Rule,51,Initial Tap Sampling for Pb and Cu,MR,N,Lead and Copper Rule,01-JUL-2017,-,Open,-,SFJ,State Formal Notice of Violation issued,-,-,3,25-SEP-2017
TX1013565,THEALL PARK,Region 6,Texas,Non-Transient non-community system,State,Ground water,Active,-,28,Lead and Copper Rule,51,Initial Tap Sampling for Pb and Cu,MR,N,Lead and Copper Rule,01-JUL-2017,-,Open,-,SIE,State Public Notification requested,-,-,3,25-SEP-2017
TX2490088,CRAFTON MOBILE HOME PARK,Region 6,Texas,Community water system,State,Ground water,Active,-,25,Lead and Copper Rule,52,Follow-up Or Routine LCR Tap M/R,MR,N,Lead and Copper Rule,01-JUL-2017,-,Open,-,SIE,State Public Notification requested,-,-,3,25-SEP-2017
TX1470034,GREEN LAKE ESTATES WATER SUPPLY,Region 6,Texas,Community water system,State,Ground water,Active,-,60,Lead and Copper Rule,52,Follow-up Or Routine LCR Tap M/R,MR,N,Lead and Copper Rule,01-JUL-2017,-,Open,-,SIE,State Public Notification requested,-,-,3,25-SEP-2017
TX0660024,RAMIREZ COMMON SCHOOL DISTRICT,Region 6,Texas,Non-Transient non-community system,State,Ground water,Active,-,45,Lead and Copper Rule,51,Initial Tap Sampling for Pb and Cu,MR,N,Lead and Copper Rule,01-JUL-2017,-,Open,-,SIE,State Public Notification requested,-,-,3,25-SEP-2017
TX1850023,LAZBUDDIE ISD,Region 6,Texas,Community water system,State,Ground water,Active,-,240,Lead and Copper Rule,52,Follow-up Or Routine LCR Tap M/R,MR,N,Lead and Copper Rule,01-JUL-2017,-,Open,-,SIE,State Public Notification requested,-,-,3,25-SEP-2017
NH0708040,POWWOW JUNCTION,Region 1,New Hampshire,Non-Transient non-community system,State,Ground water,Active,-,63,Lead and Copper Rule,51,Initial Tap Sampling for Pb and Cu,MR,N,Lead and Copper Rule,01-JUL-2017,-,Open,-,SIE,State Public Notification requested,-,-,3,05-OCT-2017
LA1103062,GIVING HOPE RETREAT,Region 6,Louisiana,Community water system,State,Ground water,Active,-,45,Lead and Copper Rule,51,Initial Tap Sampling for Pb and Cu,MR,N,Lead and Copper Rule,01-JUL-2017,-,Open,-,SIE,State Public Notification requested,-,-,3,25-SEP-2017
PA7360156,MOUNTAINTOP MOBILEHOME PARK,Region 3,Pennsylvania,Community water system,State,Ground water,Active,-,115,Lead and Copper Rule,52,Follow-up Or Routine LCR Tap M/R,MR,N,Lead and Copper Rule,01-JUL-2017,-,Returned to Compliance,14-AUG-2017,SOX,State Compliance achieved,-,-,3,18-AUG-2017
PA7360119,TERRE HILL BOROUGH,Region 3,Pennsylvania,Community water system,State,Ground water,Active,-,1295,Lead and Copper Rule,52,Follow-up Or Routine LCR Tap M/R,MR,N,Lead and Copper Rule,01-JUL-2017,-,Returned to Compliance,08-AUG-2017,SOX,State Compliance achieved,-,-,3,18-AUG-2017
TX0200277,MALLARD LAKE CLUB,Region 6,Texas,Community water system,State,Ground water,Active,-,80,Lead and Copper Rule,52,Follow-up Or Routine LCR Tap M/R,MR,N,Lead and Copper Rule,01-JUL-2017,-,Open,-,SIE,State Public Notification requested,-,-,3,25-SEP-2017
PA7671300,MANHEIM ELEM SCH,Region 3,Pennsylvania,Non-Transient non-community system,State,Ground water,Active,-,270,Lead and Copper Rule,52,Follow-up Or Routine LCR Tap M/R,MR,N,Lead and Copper Rule,01-JUL-2017,-,Open,-,SIE,State Public Notification requested,-,-,3,18-AUG-2017
TX1520305,LIL HADENS TOO,Region 6,Texas,Non-Transient non-community system,State,Ground water,Active,-,50,Lead and Copper Rule,51,Initial Tap Sampling for Pb and Cu,MR,N,Lead and Copper Rule,01-JUL-2017,-,Open,-,SIE,State Public Notification requested,-,-,3,25-SEP-2017
TX1520039,PECAN GROVE MOBILE HOME PARK,Region 6,Texas,Community water system,State,Ground water,Active,-,108,Lead and Copper Rule,52,Follow-up Or Routine LCR Tap M/R,MR,N,Lead and Copper Rule,01-JUL-2017,-,Open,-,SIE,State Public Notification requested,-,-,3,25-SEP-2017
TX1013513,SPRING CREEK ATHLETICS,Region 6,Texas,Non-Transient non-community system,State,Ground water,Active,-,110,Lead and Copper Rule,51,Initial Tap Sampling for Pb and Cu,MR,N,Lead and Copper Rule,01-JUL-2017,-,Open,-,SIE,State Public Notification requested,-,-,3,25-SEP-2017
TX1700800,GRACE CHAPEL ASSEMBLY OF GOD,Region 6,Texas,Non-Transient non-community system,State,Ground water,Active,-,108,Lead and Copper Rule,51,Initial Tap Sampling for Pb and Cu,MR,N,Lead and Copper Rule,01-JUL-2017,-,Open,-,SIE,State Public Notification requested,-,-,3,25-SEP-2017
TX0040060,GOOD SAMARITAN PARK,Region 6,Texas,Community water system,State,Ground water,Active,-,48,Lead and Copper Rule,52,Follow-up Or Routine LCR Tap M/R,MR,N,Lead and Copper Rule,01-JUL-2017,-,Open,-,SIE,State Public Notification requested,-,-,3,25-SEP-2017
TX1660008,GAUSE WSC,Region 6,Texas,Community water system,State,Ground water,Active,-,1083,Lead and Copper Rule,52,Follow-up Or Routine LCR Tap M/R,MR,N,Lead and Copper Rule,01-JUL-2017,-,Open,-,SIF,State Public Notification received,-,-,3,25-SEP-2017
TX1013566,MUSE BROTHERS PROPERTIES,Region 6,Texas,Non-Transient non-community system,State,Ground water,Active,-,25,Lead and Copper Rule,52,Follow-up Or Routine LCR Tap M/R,MR,N,Lead and Copper Rule,01-JUL-2017,-,Open,-,SIE,State Public Notification requested,-,-,3,25-SEP-2017
TX2490004,CITY OF CHICO,Region 6,Texas,Community water system,State,Surface water purchased,Active,-,1503,Lead and Copper Rule,52,Follow-up Or Routine LCR Tap M/R,MR,N,Lead and Copper Rule,01-JUL-2017,-,Open,-,SIE,State Public Notification requested,-,-,3,25-SEP-2017
TX2120107,THE RESERVE,Region 6,Texas,Community water system,State,Ground water,Active,-,51,Lead and Copper Rule,52,Follow-up Or Routine LCR Tap M/R,MR,N,Lead and Copper Rule,01-JUL-2017,-,Open,-,SIE,State Public Notification requested,-,-,3,25-SEP-2017
TX1070144,CEDARVIEW ESTATES,Region 6,Texas,Community water system,State,Surface water purchased,Active,-,192,Lead and Copper Rule,52,Follow-up Or Routine LCR Tap M/R,MR,N,Lead and Copper Rule,01-JUL-2017,-,Open,-,SIE,State Public Notification requested,-,-,3,25-SEP-2017
TX1070207,POINT LA VISTA,Region 6,Texas,Community water system,State,Ground water,Active,-,624,Lead and Copper Rule,52,Follow-up Or Routine LCR Tap M/R,MR,N,Lead and Copper Rule,01-JUL-2017,-,Open,-,SIE,State Public Notification requested,-,-,3,25-SEP-2017
TX0010004,FRANKSTON RURAL WSC,Region 6,Texas,Community water system,State,Ground water,Active,-,1605,Lead and Copper Rule,52,Follow-up Or Routine LCR Tap M/R,MR,N,Lead and Copper Rule,01-JUL-2017,-,Open,-,SIE,State Public Notification requested,-,-,3,25-SEP-2017
TX1100011,WHITHARRAL WSC,Region 6,Texas,Community water system,State,Ground water,Active,-,125,Lead and Copper Rule,52,Follow-up Or Routine LCR Tap M/R,MR,N,Lead and Copper Rule,01-JUL-2017,-,Open,-,SIE,State Public Notification requested,-,-,3,25-SEP-2017
TX2030006,LAKEWOOD WATER SYSTEM,Region 6,Texas,Community water system,State,Ground water,Active,-,52,Lead and Copper Rule,52,Follow-up Or Routine LCR Tap M/R,MR,N,Lead and Copper Rule,01-JUL-2017,-,Open,-,SIE,State Public Notification requested,-,-,3,25-SEP-2017
TX2260004,TOM GREEN COUNTY FWSD 2 CHRISTOVAL,Region 6,Texas,Community water system,State,Groundwater under influence of surface water,Active,-,699,Lead and Copper Rule,52,Follow-up Or Routine LCR Tap M/R,MR,N,Lead and Copper Rule,01-JUL-2017,-,Open,-,SIE,State Public Notification requested,-,-,3,25-SEP-2017
TX1012957,PONDEROSA MOBILE HOME PARK,Region 6,Texas,Community water system,State,Ground water,Active,-,84,Lead and Copper Rule,52,Follow-up Or Routine LCR Tap M/R,MR,N,Lead and Copper Rule,01-JUL-2017,-,Open,-,SIE,State Public Notification requested,-,-,3,25-SEP-2017
TX0810017,TURLINGTON WSC,Region 6,Texas,Community water system,State,Ground water,Active,-,309,Lead and Copper Rule,52,Follow-up Or Routine LCR Tap M/R,MR,N,Lead and Copper Rule,01-JUL-2017,-,Open,-,SFJ,State Formal Notice of Violation issued,-,-,3,25-SEP-2017
TX0840187,K & B WATERWORKS,Region 6,Texas,Community water system,State,Ground water,Active,-,105,Lead and Copper Rule,52,Follow-up Or Routine LCR Tap M/R,MR,N,Lead and Copper Rule,01-JUL-2017,-,Open,-,SIE,State Public Notification requested,-,-,3,25-SEP-2017
LA2045077,CB&I WATER SYSTEM,Region 6,Louisiana,Non-Transient non-community system,State,Ground water,Active,-,115,Lead and Copper Rule,51,Initial Tap Sampling for Pb and Cu,MR,N,Lead and Copper Rule,01-JUL-2017,-,Open,-,SIE,State Public Notification requested,-,-,3,25-SEP-2017
TX0570044,DANIELDALE COMMUNITY WATER SERVICE,Region 6,Texas,Community water system,State,Surface water purchased,Active,-,624,Lead and Copper Rule,52,Follow-up Or Routine LCR Tap M/R,MR,N,Lead and Copper Rule,01-JUL-2017,-,Open,-,SIE,State Public Notification requested,-,-,3,25-SEP-2017
TX0390002,CITY OF PETROLIA,Region 6,Texas,Community water system,State,Surface water,Active,-,779,Lead and Copper Rule,52,Follow-up Or Routine LCR Tap M/R,MR,N,Lead and Copper Rule,01-JUL-2017,-,Open,-,SIE,State Public Notification requested,-,-,3,25-SEP-2017
TX2320018,WINDMILL WSC,Region 6,Texas,Community water system,State,Ground water,Active,-,1833,Lead and Copper Rule,52,Follow-up Or Routine LCR Tap M/R,MR,N,Lead and Copper Rule,01-JUL-2017,-,Open,-,SIF,State Public Notification received,-,-,3,25-SEP-2017
CO0144621,PRAIRIE VIEW RANCH WD,Region 8,Colorado,Community water system,State,Ground water,Active,-,27,Lead and Copper Rule,51,Initial Tap Sampling for Pb and Cu,MR,N,Lead and Copper Rule,01-JUL-2017,-,Open,-,SIE,State Public Notification requested,-,-,3,15-AUG-2017
TX1070027,CITY OF MURCHISON,Region 6,Texas,Community water system,State,Ground water,Active,-,875,Lead and Copper Rule,52,Follow-up Or Routine LCR Tap M/R,MR,N,Lead and Copper Rule,01-JUL-2017,-,Open,-,SFJ,State Formal Notice of Violation issued,-,-,3,25-SEP-2017
LA1103175,S AND J RV PARK,Region 6,Louisiana,Community water system,State,Ground water,Active,-,87,Lead and Copper Rule,52,Follow-up Or Routine LCR Tap M/R,MR,N,Lead and Copper Rule,01-JUL-2017,-,Open,-,SIE,State Public Notification requested,-,-,3,25-SEP-2017
PA3130037,MID LAKES DEVELOPMENT,Region 3,Pennsylvania,Community water system,State,Ground water,Active,-,490,Lead and Copper Rule,52,Follow-up Or Routine LCR Tap M/R,MR,N,Lead and Copper Rule,01-JUL-2017,-,Open,-,SIE,State Public Notification requested,-,-,3,18-AUG-2017
TX0610272,DENTON COUNTY FWSD 11-C,Region 6,Texas,Community water system,State,Surface water purchased,Active,-,796,Lead and Copper Rule,51,Initial Tap Sampling for Pb and Cu,MR,N,Lead and Copper Rule,01-JUL-2017,-,Open,-,SIE,State Public Notification requested,-,-,3,25-SEP-2017
TX1520269,CABAZOS HOMES,Region 6,Texas,Community water system,State,Ground water,Active,-,34,Lead and Copper Rule,52,Follow-up Or Routine LCR Tap M/R,MR,N,Lead and Copper Rule,01-JUL-2017,-,Open,-,SIE,State Public Notification requested,-,-,3,25-SEP-2017
MT0004903,KETTLEHOUSE BREWING,Region 8,Montana,Non-Transient non-community system,State,Ground water,Active,-,76,Lead and Copper Rule,51,Initial Tap Sampling for Pb and Cu,MR,N,Lead and Copper Rule,01-JUL-2017,-,Open,-,SIE,State Public Notification requested,-,-,3,29-SEP-2017
TX0200278,BRAZOS RIVER CLUB,Region 6,Texas,Community water system,State,Ground water,Active,-,111,Lead and Copper Rule,52,Follow-up Or Routine LCR Tap M/R,MR,N,Lead and Copper Rule,01-JUL-2017,-,Open,-,SIE,State Public Notification requested,-,-,3,25-SEP-2017
TX1840187,LITTLE TEXAS STAR DAYCARE,Region 6,Texas,Non-Transient non-community system,State,Surface water purchased,Active,-,37,Lead and Copper Rule,51,Initial Tap Sampling for Pb and Cu,MR,N,Lead and Copper Rule,01-JUL-2017,-,Open,-,SFJ,State Formal Notice of Violation issued,-,-,3,25-SEP-2017
TX1800001,VEGA MUNICIPAL WATER SYSTEM,Region 6,Texas,Community water system,State,Ground water,Active,-,885,Lead and Copper Rule,52,Follow-up Or Routine LCR Tap M/R,MR,N,Lead and Copper Rule,01-JUL-2017,-,Open,-,SFJ,State Formal Notice of Violation issued,-,-,3,25-SEP-2017
TX1500003,BUCHANAN LAKE VILLAGE,Region 6,Texas,Community water system,State,Ground water,Active,-,425,Lead and Copper Rule,57,OCCT/SOWT Study/Recommendation,TT,Y,Lead and Copper Rule,01-JUL-2017,-,Open,-,SIE,State Public Notification requested,-,-,2,25-SEP-2017
TX1500003,BUCHANAN LAKE VILLAGE,Region 6,Texas,Community water system,State,Ground water,Active,-,425,Lead and Copper Rule,56,"Initial, Follow-up, or Routine Source Water M/R",MR,N,Lead and Copper Rule,01-JUL-2017,-,Open,-,SIE,State Public Notification requested,-,-,3,25-SEP-2017
NC0195127,PEBBLE CREEK APARTMENTS,Region 4,North Carolina,Community water system,State,Ground water,Active,-,52,Lead and Copper Rule,52,Follow-up Or Routine LCR Tap M/R,MR,N,Lead and Copper Rule,01-JUL-2017,-,Returned to Compliance,22-AUG-2017,SOX,State Compliance achieved,-,-,3,29-SEP-2017
TX0570098,MATTHEW ROAD WSC,Region 6,Texas,Community water system,State,Ground water,Active,-,279,Lead and Copper Rule,52,Follow-up Or Routine LCR Tap M/R,MR,N,Lead and Copper Rule,01-JUL-2017,-,Open,-,SIE,State Public Notification requested,-,-,3,25-SEP-2017
PA1150065,ECHO VALLEY MHP,Region 3,Pennsylvania,Community water system,State,Ground water,Active,-,60,Lead and Copper Rule,52,Follow-up Or Routine LCR Tap M/R,MR,N,Lead and Copper Rule,01-JUL-2017,-,Open,-,SIA,State Violation/Reminder Notice,-,-,3,18-AUG-2017
PA1090885,NEW HOPE SOLEBURY ELEM SCHOOL,Region 3,Pennsylvania,Non-Transient non-community system,State,Ground water,Active,-,380,Lead and Copper Rule,52,Follow-up Or Routine LCR Tap M/R,MR,N,Lead and Copper Rule,01-JUL-2017,-,Open,-,SIA,State Violation/Reminder Notice,-,-,3,18-AUG-2017
TX1012759,CLEAN HARBORS LA PORTE LP 1,Region 6,Texas,Non-Transient non-community system,State,Ground water,Active,-,40,Lead and Copper Rule,52,Follow-up Or Routine LCR Tap M/R,MR,N,Lead and Copper Rule,01-JUL-2017,-,Open,-,SIF,State Public Notification received,-,-,3,25-SEP-2017
TX2460144,MEADOWCREST MHP,Region 6,Texas,Community water system,State,Ground water,Active,-,510,Lead and Copper Rule,52,Follow-up Or Routine LCR Tap M/R,MR,N,Lead and Copper Rule,01-JUL-2017,-,Open,-,SIF,State Public Notification received,-,-,3,25-SEP-2017
TX1520046,WILDWOOD MOBILE HOME VILLAGE,Region 6,Texas,Community water system,State,Ground water,Active,-,250,Lead and Copper Rule,52,Follow-up Or Routine LCR Tap M/R,MR,N,Lead and Copper Rule,01-JUL-2017,-,Open,-,SIE,State Public Notification requested,-,-,3,25-SEP-2017
TX0190074,LEROYS MOBILE HOME PARK,Region 6,Texas,Community water system,State,Ground water,Active,-,60,Lead and Copper Rule,52,Follow-up Or Routine LCR Tap M/R,MR,N,Lead and Copper Rule,01-JUL-2017,-,Open,-,SIE,State Public Notification requested,-,-,3,25-SEP-2017
TX0710158,LEE LIMAS MOBILE HOME PARK,Region 6,Texas,Community water system,State,Ground water,Active,-,39,Lead and Copper Rule,52,Follow-up Or Routine LCR Tap M/R,MR,N,Lead and Copper Rule,01-JUL-2017,-,Open,-,SIE,State Public Notification requested,-,-,3,25-SEP-2017
TX1690023,AMON G CARTER LAKE WSC,Region 6,Texas,Community water system,State,Surface water purchased,Active,-,744,Lead and Copper Rule,52,Follow-up Or Routine LCR Tap M/R,MR,N,Lead and Copper Rule,01-JUL-2017,-,Open,-,SIE,State Public Notification requested,-,-,3,25-SEP-2017
NH1764010,SPAULDING YOUTH CENTER,Region 1,New Hampshire,Non-Transient non-community system,State,Ground water,Active,-,300,Lead and Copper Rule,52,Follow-up Or Routine LCR Tap M/R,MR,N,Lead and Copper Rule,01-JUL-2017,-,Returned to Compliance,28-JUL-2017,SIF,State Public Notification received,-,-,3,05-OCT-2017
TX1740007,CARO WSC,Region 6,Texas,Community water system,State,Ground water,Active,-,2239,Lead and Copper Rule,52,Follow-up Or Routine LCR Tap M/R,MR,N,Lead and Copper Rule,01-JUL-2017,-,Open,-,SIE,State Public Notification requested,-,-,3,25-SEP-2017
TX1650077,SOUTH MIDLAND COUNTY WATER SYSTEMS,Region 6,Texas,Community water system,State,Ground water,Active,-,165,Lead and Copper Rule,52,Follow-up Or Routine LCR Tap M/R,MR,N,Lead and Copper Rule,01-JUL-2017,-,Open,-,SIE,State Public Notification requested,-,-,3,25-SEP-2017
TX0560002,TEXLINE MUNICIPAL WATER SYSTEM,Region 6,Texas,Community water system,State,Ground water,Active,-,521,Lead and Copper Rule,52,Follow-up Or Routine LCR Tap M/R,MR,N,Lead and Copper Rule,01-JUL-2017,-,Open,-,SIE,State Public Notification requested,-,-,3,25-SEP-2017
TX0280025,CENTURY OAKS ESTATES,Region 6,Texas,Community water system,State,Ground water,Active,-,25,Lead and Copper Rule,51,Initial Tap Sampling for Pb and Cu,MR,N,Lead and Copper Rule,01-JUL-2017,-,Open,-,SIE,State Public Notification requested,-,-,3,25-SEP-2017
TX1180011,RL SIGNOR BARNHART,Region 6,Texas,Non-Transient non-community system,State,Ground water purchased,Active,-,20,Lead and Copper Rule,51,Initial Tap Sampling for Pb and Cu,MR,N,Lead and Copper Rule,01-JUL-2017,-,Open,-,SIE,State Public Notification requested,-,-,3,25-SEP-2017
TX0950015,CITY OF EDMONSON,Region 6,Texas,Community water system,State,Ground water,Active,-,111,Lead and Copper Rule,52,Follow-up Or Routine LCR Tap M/R,MR,N,Lead and Copper Rule,01-JUL-2017,-,Open,-,SFJ,State Formal Notice of Violation issued,-,-,3,25-SEP-2017
TX1440014,WESTWOOD VILLA APARTMENTS,Region 6,Texas,Community water system,State,Ground water purchased,Active,-,66,Lead and Copper Rule,52,Follow-up Or Routine LCR Tap M/R,MR,N,Lead and Copper Rule,01-JUL-2017,-,Open,-,SIE,State Public Notification requested,-,-,3,25-SEP-2017
TX0360144,CHAMBERS COUNTY IMPROVEMENT DISTRICT 2,Region 6,Texas,Non-Transient non-community system,State,Surface water purchased,Active,-,25,Lead and Copper Rule,52,Follow-up Or Routine LCR Tap M/R,MR,N,Lead and Copper Rule,01-JUL-2017,-,Open,-,SIF,State Public Notification received,-,-,3,25-SEP-2017
TX1910005,COUNTRY ESTATES MOBILE HOME PARK,Region 6,Texas,Community water system,State,Ground water purchased,Active,-,262,Lead and Copper Rule,52,Follow-up Or Routine LCR Tap M/R,MR,N,Lead and Copper Rule,01-JUL-2017,-,Open,-,SFJ,State Formal Notice of Violation issued,-,-,3,25-SEP-2017
CO0150500,HARTMAN TOWN OF,Region 8,Colorado,Community water system,State,Ground water,Active,-,93,Lead and Copper Rule,52,Follow-up Or Routine LCR Tap M/R,MR,N,Lead and Copper Rule,01-JUL-2017,-,Open,-,SIE,State Public Notification requested,-,-,3,15-AUG-2017
PA1150774,CREATIVE KIDS OF DOWNINGTOWN,Region 3,Pennsylvania,Non-Transient non-community system,State,Ground water,Active,-,85,Lead and Copper Rule,57,OCCT/SOWT Study/Recommendation,TT,Y,Lead and Copper Rule,01-JUL-2017,-,Open,-,SIA,State Violation/Reminder Notice,-,-,2,18-AUG-2017
MT0002873,MOUNTAIN HERITAGE WATER SYSTEM,Region 8,Montana,Community water system,State,Ground water,Active,-,175,Lead and Copper Rule,52,Follow-up Or Routine LCR Tap M/R,MR,N,Lead and Copper Rule,01-JUL-2017,-,Open,-,SIE,State Public Notification requested,-,-,3,29-SEP-2017
TX0100104,KID KORRAL,Region 6,Texas,Non-Transient non-community system,State,Ground water,Active,-,30,Lead and Copper Rule,52,Follow-up Or Routine LCR Tap M/R,MR,N,Lead and Copper Rule,01-JUL-2017,-,Open,-,SIE,State Public Notification requested,-,-,3,25-SEP-2017
TX0030037,WALNUT BEND WATER SYSTEM,Region 6,Texas,Community water system,State,Ground water,Active,-,51,Lead and Copper Rule,52,Follow-up Or Routine LCR Tap M/R,MR,N,Lead and Copper Rule,01-JUL-2017,-,Open,-,SIE,State Public Notification requested,-,-,3,25-SEP-2017
TX1810061,IWANDA MOBILE HOME PARK,Region 6,Texas,Community water system,State,Ground water,Active,-,50,Lead and Copper Rule,52,Follow-up Or Routine LCR Tap M/R,MR,N,Lead and Copper Rule,01-JUL-2017,-,Open,-,SIE,State Public Notification requested,-,-,3,25-SEP-2017
ME0018680,BIG CATS CATERING-TINY TYKES DAYCARE,Region 1,Maine,Non-Transient non-community system,State,Ground water,Active,-,38,Lead and Copper Rule,51,Initial Tap Sampling for Pb and Cu,MR,N,Lead and Copper Rule,01-JUL-2017,-,Returned to Compliance,17-AUG-2017,SOX,State Compliance achieved,-,-,3,02-OCT-2017
TX0130058,COUNTRY VILLA MOBILE HOME PARK,Region 6,Texas,Community water system,State,Ground water,Active,-,50,Lead and Copper Rule,52,Follow-up Or Routine LCR Tap M/R,MR,N,Lead and Copper Rule,01-JUL-2017,-,Open,-,SIE,State Public Notification requested,-,-,3,25-SEP-2017
MT0003960,CULLIGAN WATER FACILITY  BUTTE,Region 8,Montana,Non-Transient non-community system,State,Surface water purchased,Active,-,423,Lead and Copper Rule,52,Follow-up Or Routine LCR Tap M/R,MR,N,Lead and Copper Rule,01-JUL-2017,-,Open,-,SIE,State Public Notification requested,-,-,3,29-SEP-2017
LA1043004,VILLAGE OF GEORGETOWN WATER SUPPLY,Region 6,Louisiana,Community water system,State,Ground water purchased,Active,-,302,Lead and Copper Rule,52,Follow-up Or Routine LCR Tap M/R,MR,N,Lead and Copper Rule,01-JUL-2017,-,Open,-,SIE,State Public Notification requested,-,-,3,25-SEP-2017
TX0100110,LAKEHILLS HOMESTEAD & RV PARK,Region 6,Texas,Community water system,State,Ground water,Active,-,38,Lead and Copper Rule,51,Initial Tap Sampling for Pb and Cu,MR,N,Lead and Copper Rule,01-JUL-2017,-,Open,-,SFJ,State Formal Notice of Violation issued,-,-,3,25-SEP-2017
TX1011716,SPRING ISD TRANSPORTATION CENTER,Region 6,Texas,Non-Transient non-community system,State,Ground water,Active,-,30,Lead and Copper Rule,51,Initial Tap Sampling for Pb and Cu,MR,N,Lead and Copper Rule,01-JUL-2017,-,Open,-,SIE,State Public Notification requested,-,-,3,25-SEP-2017
TX1250030,JIM WELLS COUNTY FWSD 1,Region 6,Texas,Community water system,State,Surface water purchased,Active,-,2064,Lead and Copper Rule,52,Follow-up Or Routine LCR Tap M/R,MR,N,Lead and Copper Rule,01-JUL-2017,-,Open,-,SIE,State Public Notification requested,-,-,3,25-SEP-2017
TX1150001,CITY OF DELL,Region 6,Texas,Community water system,State,Ground water,Active,-,405,Lead and Copper Rule,52,Follow-up Or Routine LCR Tap M/R,MR,N,Lead and Copper Rule,01-JUL-2017,-,Open,-,SIE,State Public Notification requested,-,-,3,25-SEP-2017
TX1013462,GURUDWARA SAHIB OF HOUSTON,Region 6,Texas,Non-Transient non-community system,State,Ground water,Active,-,90,Lead and Copper Rule,52,Follow-up Or Routine LCR Tap M/R,MR,N,Lead and Copper Rule,01-JUL-2017,-,Open,-,SIE,State Public Notification requested,-,-,3,25-SEP-2017
TX1013495,TOMBALL PARKWAY WAREHOUSE,Region 6,Texas,Non-Transient non-community system,State,Ground water,Active,-,36,Lead and Copper Rule,52,Follow-up Or Routine LCR Tap M/R,MR,N,Lead and Copper Rule,01-JUL-2017,-,Open,-,SIF,State Public Notification received,-,-,3,25-SEP-2017
TX1010354,CYPRESS BROOK ESTATES,Region 6,Texas,Community water system,State,Ground water,Active,-,81,Lead and Copper Rule,52,Follow-up Or Routine LCR Tap M/R,MR,N,Lead and Copper Rule,01-JUL-2017,-,Open,-,SIE,State Public Notification requested,-,-,3,25-SEP-2017
TX1480003,FOLLETT MUNICIPAL WATER SYSTEM,Region 6,Texas,Community water system,State,Ground water,Active,-,460,Lead and Copper Rule,52,Follow-up Or Routine LCR Tap M/R,MR,N,Lead and Copper Rule,01-JUL-2017,-,Open,-,SIE,State Public Notification requested,-,-,3,25-SEP-2017
TX1860004,SHEFFIELD WSC,Region 6,Texas,Community water system,State,Ground water,Active,-,463,Lead and Copper Rule,52,Follow-up Or Routine LCR Tap M/R,MR,N,Lead and Copper Rule,01-JUL-2017,-,Open,-,SIE,State Public Notification requested,-,-,3,25-SEP-2017
MA4318056,MASSASOIT HILLS TRAILER PARK,Region 1,Massachusetts,Community water system,State,Ground water,Active,-,120,Lead and Copper Rule,52,Follow-up Or Routine LCR Tap M/R,MR,N,Lead and Copper Rule,01-JUL-2017,-,Open,-,SFJ,State Formal Notice of Violation issued,-,-,3,18-SEP-2017
LA1019125,MILES MOBILE HOME PARK,Region 6,Louisiana,Community water system,State,Ground water,Active,-,66,Lead and Copper Rule,51,Initial Tap Sampling for Pb and Cu,MR,N,Lead and Copper Rule,01-JUL-2017,-,Open,-,SIE,State Public Notification requested,-,-,3,25-SEP-2017
WA5308257,LAKE CHELAN AIRPORT,Region 10,Washington,Non-Transient non-community system,State,Ground water,Active,-,40,Lead and Copper Rule,51,Initial Tap Sampling for Pb and Cu,MR,N,Lead and Copper Rule,01-JUL-2017,-,Open,-,-,-,-,-,3,19-SEP-2017
TX0810019,CITY OF KIRVIN,Region 6,Texas,Community water system,State,Ground water,Active,-,552,Lead and Copper Rule,52,Follow-up Or Routine LCR Tap M/R,MR,N,Lead and Copper Rule,01-JUL-2017,-,Open,-,SIE,State Public Notification requested,-,-,3,25-SEP-2017
TX1200008,LA SALLE LANDING WATER SYSTEM,Region 6,Texas,Community water system,State,Ground water,Active,-,111,Lead and Copper Rule,52,Follow-up Or Routine LCR Tap M/R,MR,N,Lead and Copper Rule,01-JUL-2017,-,Open,-,SIE,State Public Notification requested,-,-,3,25-SEP-2017
TX2200081,CITY OF WHITE SETTLEMENT,Region 6,Texas,Community water system,State,Surface water purchased,Active,-,15483,Lead and Copper Rule,52,Follow-up Or Routine LCR Tap M/R,MR,N,Lead and Copper Rule,01-JUL-2017,-,Open,-,SIE,State Public Notification requested,-,-,3,25-SEP-2017
TX1840087,PONDEROSA HILLS SUBDIVISION,Region 6,Texas,Community water system,State,Ground water,Active,-,150,Lead and Copper Rule,52,Follow-up Or Routine LCR Tap M/R,MR,N,Lead and Copper Rule,01-JUL-2017,-,Returned to Compliance,04-SEP-2017,SOX,State Compliance achieved,-,-,3,25-SEP-2017
TX1840089,NEW PROGRESS WSC SPRING VALLEY ESTATES,Region 6,Texas,Community water system,State,Ground water,Active,-,129,Lead and Copper Rule,52,Follow-up Or Routine LCR Tap M/R,MR,N,Lead and Copper Rule,01-JUL-2017,-,Open,-,SFJ,State Formal Notice of Violation issued,-,-,3,25-SEP-2017
TX1840088,NEW PROGRESS WSC ENCHANTED OAKS SUBDIVIS,Region 6,Texas,Community water system,State,Ground water,Active,-,225,Lead and Copper Rule,52,Follow-up Or Routine LCR Tap M/R,MR,N,Lead and Copper Rule,01-JUL-2017,-,Returned to Compliance,22-AUG-2017,SIF,State Public Notification received,-,-,3,25-SEP-2017
TX0270147,SCHIGUT PROPERTY WS,Region 6,Texas,Non-Transient non-community system,State,Surface water purchased,Active,-,26,Lead and Copper Rule,52,Follow-up Or Routine LCR Tap M/R,MR,N,Lead and Copper Rule,01-JUL-2017,-,Open,-,SIE,State Public Notification requested,-,-,3,25-SEP-2017
TX1050181,BURKE CENTER FOR YOUTH,Region 6,Texas,Non-Transient non-community system,State,Ground water,Active,-,26,Lead and Copper Rule,52,Follow-up Or Routine LCR Tap M/R,MR,N,Lead and Copper Rule,01-JUL-2017,-,Open,-,SIF,State Public Notification received,-,-,3,25-SEP-2017
CO0111100,ANTONITO TOWN OF,Region 8,Colorado,Community water system,State,Groundwater under influence of surface water,Active,-,981,Lead and Copper Rule,51,Initial Tap Sampling for Pb and Cu,MR,N,Lead and Copper Rule,01-JUL-2017,-,Open,-,SIE,State Public Notification requested,-,-,3,15-AUG-2017
PA2450317,PMSD TOBYHANNA ELEMETARY CNTR,Region 3,Pennsylvania,Non-Transient non-community system,State,Ground water,Active,-,800,Lead and Copper Rule,52,Follow-up Or Routine LCR Tap M/R,MR,N,Lead and Copper Rule,01-JUL-2017,-,Open,-,SIE,State Public Notification requested,-,-,3,19-SEP-2017
LA1017087,DIXIE GARDEN - KINGS HWY WATER SYSTEM,Region 6,Louisiana,Community water system,State,Surface water purchased,Active,-,100,Lead and Copper Rule,51,Initial Tap Sampling for Pb and Cu,MR,N,Lead and Copper Rule,01-JUL-2017,-,Open,-,SIE,State Public Notification requested,-,-,3,25-SEP-2017
CO0106200,HASTY WC,Region 8,Colorado,Community water system,State,Ground water,Active,-,144,Lead and Copper Rule,52,Follow-up Or Routine LCR Tap M/R,MR,N,Lead and Copper Rule,01-JUL-2017,-,Open,-,SIE,State Public Notification requested,-,-,3,15-AUG-2017
PA1461156,SPS TECHNOLOGIES INC,Region 3,Pennsylvania,Non-Transient non-community system,State,Ground water,Active,-,800,Lead and Copper Rule,52,Follow-up Or Routine LCR Tap M/R,MR,N,Lead and Copper Rule,01-JUL-2017,-,Returned to Compliance,14-AUG-2017,SOX,State Compliance achieved,-,-,3,18-AUG-2017
PA1460035,AWC VALLEY FORGE CROSSING MHP,Region 3,Pennsylvania,Community water system,State,Ground water,Active,-,250,Lead and Copper Rule,52,Follow-up Or Routine LCR Tap M/R,MR,N,Lead and Copper Rule,01-JUL-2017,-,Open,-,SIA,State Violation/Reminder Notice,-,-,3,18-AUG-2017
MT0000530,CREEKSIDE MOTEL  RV AND TRLR PK UNAPPRO,Region 8,Montana,Community water system,State,Ground water,Active,-,35,Lead and Copper Rule,51,Initial Tap Sampling for Pb and Cu,MR,N,Lead and Copper Rule,01-JUL-2017,-,Open,-,SIE,State Public Notification requested,-,-,3,29-SEP-2017
TX0660014,DUVAL COUNTY CRD REALITOS,Region 6,Texas,Community water system,State,Ground water,Active,-,209,Lead and Copper Rule,52,Follow-up Or Routine LCR Tap M/R,MR,N,Lead and Copper Rule,01-JUL-2017,-,Open,-,SIE,State Public Notification requested,-,-,3,25-SEP-2017
TX1030010,HARTLEY WSC,Region 6,Texas,Community water system,State,Ground water,Active,-,411,Lead and Copper Rule,52,Follow-up Or Routine LCR Tap M/R,MR,N,Lead and Copper Rule,01-JUL-2017,-,Open,-,SIE,State Public Notification requested,-,-,3,25-SEP-2017
TX1450010,SAINT PAUL SHILOH TIMESVILLE WSC,Region 6,Texas,Community water system,State,Ground water,Active,-,435,Lead and Copper Rule,57,OCCT/SOWT Study/Recommendation,TT,Y,Lead and Copper Rule,01-JUL-2017,-,Open,-,SIF,State Public Notification received,-,-,2,25-SEP-2017
TX1450010,SAINT PAUL SHILOH TIMESVILLE WSC,Region 6,Texas,Community water system,State,Ground water,Active,-,435,Lead and Copper Rule,56,"Initial, Follow-up, or Routine Source Water M/R",MR,N,Lead and Copper Rule,01-JUL-2017,-,Open,-,SFJ,State Formal Notice of Violation issued,-,-,3,25-SEP-2017
TX0200461,MARLIN MARINA WATER SYSTEM,Region 6,Texas,Community water system,State,Ground water,Active,-,105,Lead and Copper Rule,52,Follow-up Or Routine LCR Tap M/R,MR,N,Lead and Copper Rule,01-JUL-2017,-,Open,-,SIE,State Public Notification requested,-,-,3,25-SEP-2017
TX0610026,GREEN SPRINGS WSC,Region 6,Texas,Community water system,State,Ground water,Active,-,792,Lead and Copper Rule,52,Follow-up Or Routine LCR Tap M/R,MR,N,Lead and Copper Rule,01-JUL-2017,-,Open,-,SIE,State Public Notification requested,-,-,3,25-SEP-2017
TX0340019,GREEN HILLS SUBDIVISION,Region 6,Texas,Community water system,State,Ground water,Active,-,90,Lead and Copper Rule,52,Follow-up Or Routine LCR Tap M/R,MR,N,Lead and Copper Rule,01-JUL-2017,-,Open,-,SIE,State Public Notification requested,-,-,3,25-SEP-2017
TX0890003,CITY OF WAELDER,Region 6,Texas,Community water system,State,Ground water,Active,-,1071,Lead and Copper Rule,52,Follow-up Or Routine LCR Tap M/R,MR,N,Lead and Copper Rule,01-JUL-2017,-,Open,-,SIE,State Public Notification requested,-,-,3,25-SEP-2017
TX0920028,SUN ACRES MOBILE HOME PARK,Region 6,Texas,Community water system,State,Ground water,Active,-,204,Lead and Copper Rule,52,Follow-up Or Routine LCR Tap M/R,MR,N,Lead and Copper Rule,01-JUL-2017,-,Open,-,SIE,State Public Notification requested,-,-,3,25-SEP-2017
TX1650084,WARREN ROAD SUBDIVISION WATER SUPPLY,Region 6,Texas,Community water system,State,Ground water,Active,-,240,Lead and Copper Rule,52,Follow-up Or Routine LCR Tap M/R,MR,N,Lead and Copper Rule,01-JUL-2017,-,Open,-,SIE,State Public Notification requested,-,-,3,25-SEP-2017
TX0150156,OAK HILL ACRES MOBILE HOME SUBDIVISION,Region 6,Texas,Community water system,State,Ground water,Active,-,75,Lead and Copper Rule,52,Follow-up Or Routine LCR Tap M/R,MR,N,Lead and Copper Rule,01-JUL-2017,-,Open,-,SIE,State Public Notification requested,-,-,3,25-SEP-2017
TX0200181,CHAPLINES MOBILE HOME PARK,Region 6,Texas,Community water system,State,Ground water,Active,-,60,Lead and Copper Rule,52,Follow-up Or Routine LCR Tap M/R,MR,N,Lead and Copper Rule,01-JUL-2017,-,Open,-,SIE,State Public Notification requested,-,-,3,25-SEP-2017
TX2350055,KEY ROAD SUBDIVISION WATER SYSTEM,Region 6,Texas,Community water system,State,Ground water purchased,Active,-,37,Lead and Copper Rule,52,Follow-up Or Routine LCR Tap M/R,MR,N,Lead and Copper Rule,01-JUL-2017,-,Open,-,SIE,State Public Notification requested,-,-,3,25-SEP-2017
TX0460152,4 D WATER,Region 6,Texas,Community water system,State,Ground water,Active,-,282,Lead and Copper Rule,52,Follow-up Or Routine LCR Tap M/R,MR,N,Lead and Copper Rule,01-JUL-2017,-,Open,-,SIE,State Public Notification requested,-,-,3,25-SEP-2017
TX0610243,AERO VALLEY WATER SERVICE,Region 6,Texas,Community water system,State,Ground water,Active,-,42,Lead and Copper Rule,52,Follow-up Or Routine LCR Tap M/R,MR,N,Lead and Copper Rule,01-JUL-2017,-,Open,-,SIE,State Public Notification requested,-,-,3,25-SEP-2017
LA1105090,WOODSIDE MHP,Region 6,Louisiana,Community water system,State,Ground water,Active,-,60,Lead and Copper Rule,56,"Initial, Follow-up, or Routine Source Water M/R",MR,N,Lead and Copper Rule,01-JUL-2017,-,Open,-,SIE,State Public Notification requested,-,-,3,25-SEP-2017
PA2660334,EXETER SR CTR & APT COMPLEX,Region 3,Pennsylvania,Community water system,State,Ground water,Active,-,45,Lead and Copper Rule,51,Initial Tap Sampling for Pb and Cu,MR,N,Lead and Copper Rule,01-JUL-2017,-,Open,-,SIE,State Public Notification requested,-,-,3,18-AUG-2017
TX0790190,TURNER WATER SERVICE,Region 6,Texas,Community water system,State,Ground water,Active,-,54,Lead and Copper Rule,52,Follow-up Or Routine LCR Tap M/R,MR,N,Lead and Copper Rule,01-JUL-2017,-,Open,-,SIE,State Public Notification requested,-,-,3,25-SEP-2017
PA2660014,TUNKHANNOCK BORO MUNIC AUTH,Region 3,Pennsylvania,Community water system,State,Ground water,Active,-,5349,Lead and Copper Rule,52,Follow-up Or Routine LCR Tap M/R,MR,N,Lead and Copper Rule,01-JUL-2017,-,Returned to Compliance,20-JUL-2017,SOX,State Compliance achieved,-,-,3,18-AUG-2017
TX1070202,HIDDEN ACRES WATER SYSTEM,Region 6,Texas,Community water system,State,Ground water,Active,-,66,Lead and Copper Rule,52,Follow-up Or Routine LCR Tap M/R,MR,N,Lead and Copper Rule,01-JUL-2017,-,Open,-,SIE,State Public Notification requested,-,-,3,25-SEP-2017
TX1070215,ESQUIRE ESTATES II,Region 6,Texas,Community water system,State,Surface water purchased,Active,-,126,Lead and Copper Rule,52,Follow-up Or Routine LCR Tap M/R,MR,N,Lead and Copper Rule,01-JUL-2017,-,Open,-,SIE,State Public Notification requested,-,-,3,25-SEP-2017
TX1520301,TEGA KIDS SUPERPLEX,Region 6,Texas,Non-Transient non-community system,State,Ground water,Active,-,350,Lead and Copper Rule,52,Follow-up Or Routine LCR Tap M/R,MR,N,Lead and Copper Rule,01-JUL-2017,-,Open,-,SIE,State Public Notification requested,-,-,3,25-SEP-2017
TX2400043,LOS BOTINES WSC,Region 6,Texas,Community water system,State,Ground water,Active,-,54,Lead and Copper Rule,52,Follow-up Or Routine LCR Tap M/R,MR,N,Lead and Copper Rule,01-JUL-2017,-,Open,-,SIE,State Public Notification requested,-,-,3,25-SEP-2017
LA2005256,AIR LIQUIDE GEISMAR UTILITY SERVICES,Region 6,Louisiana,Non-Transient non-community system,State,Ground water,Active,-,500,Lead and Copper Rule,56,"Initial, Follow-up, or Routine Source Water M/R",MR,N,Lead and Copper Rule,01-JUL-2017,-,Open,-,SIE,State Public Notification requested,-,-,3,25-SEP-2017
PA4560032,GAHAGEN WATER ASSN,Region 3,Pennsylvania,Community water system,State,Surface water,Active,-,49,Lead and Copper Rule,51,Initial Tap Sampling for Pb and Cu,MR,N,Lead and Copper Rule,01-JUL-2017,-,Returned to Compliance,18-JUL-2017,SOX,State Compliance achieved,-,-,3,18-AUG-2017
TX1510001,LOVING COUNTY WATER SYSTEM,Region 6,Texas,Community water system,State,Ground water,Active,-,50,Lead and Copper Rule,52,Follow-up Or Routine LCR Tap M/R,MR,N,Lead and Copper Rule,01-JUL-2017,-,Open,-,SIE,State Public Notification requested,-,-,3,25-SEP-2017
TX0200595,SILVERLAKE CHURCH,Region 6,Texas,Non-Transient non-community system,State,Ground water,Active,-,150,Lead and Copper Rule,52,Follow-up Or Routine LCR Tap M/R,MR,N,Lead and Copper Rule,01-JUL-2017,-,Open,-,SIE,State Public Notification requested,-,-,3,25-SEP-2017
TX0460202,ELM RIDGE WATER,Region 6,Texas,Community water system,State,Ground water,Active,-,60,Lead and Copper Rule,52,Follow-up Or Routine LCR Tap M/R,MR,N,Lead and Copper Rule,01-JUL-2017,-,Open,-,SIE,State Public Notification requested,-,-,3,25-SEP-2017
TX0730024,SUDDUTH WATER SYSTEM,Region 6,Texas,Community water system,State,Ground water,Active,-,201,Lead and Copper Rule,52,Follow-up Or Routine LCR Tap M/R,MR,N,Lead and Copper Rule,01-JUL-2017,-,Open,-,SIF,State Public Notification received,-,-,3,25-SEP-2017
TX1520064,FORT JACKSON MOBILE ESTATES,Region 6,Texas,Community water system,State,Ground water,Active,-,61,Lead and Copper Rule,52,Follow-up Or Routine LCR Tap M/R,MR,N,Lead and Copper Rule,01-JUL-2017,-,Open,-,SIE,State Public Notification requested,-,-,3,25-SEP-2017
TX1330122,CHEROKEE MOBILE HOME PARK,Region 6,Texas,Community water system,State,Surface water purchased,Active,-,108,Lead and Copper Rule,52,Follow-up Or Routine LCR Tap M/R,MR,N,Lead and Copper Rule,01-JUL-2017,-,Open,-,SIE,State Public Notification requested,-,-,3,25-SEP-2017
TX1010821,FAIRVIEW GARDENS MHP,Region 6,Texas,Community water system,State,Ground water,Active,-,81,Lead and Copper Rule,52,Follow-up Or Routine LCR Tap M/R,MR,N,Lead and Copper Rule,01-JUL-2017,-,Returned to Compliance,17-AUG-2017,SOX,State Compliance achieved,-,-,3,25-SEP-2017
LA1035006,EAST CARROLL WS NORTH,Region 6,Louisiana,Community water system,State,Ground water purchased,Active,-,45,Lead and Copper Rule,56,"Initial, Follow-up, or Routine Source Water M/R",MR,N,Lead and Copper Rule,01-JUL-2017,-,Open,-,SIE,State Public Notification requested,-,-,3,25-SEP-2017
WA5313533,PARADISE COVE RESORT & RV PARK,Region 10,Washington,Community water system,State,Ground water,Active,-,67,Lead and Copper Rule,51,Initial Tap Sampling for Pb and Cu,MR,N,Lead and Copper Rule,01-JUL-2017,-,Open,-,-,-,-,-,3,19-SEP-2017
TX0200412,BRAZORIA COUNTY SHERIFFS OFFICE DETENTIO,Region 6,Texas,Community water system,State,Ground water,Active,-,1050,Lead and Copper Rule,52,Follow-up Or Routine LCR Tap M/R,MR,N,Lead and Copper Rule,01-JUL-2017,-,Open,-,SIE,State Public Notification requested,-,-,3,25-SEP-2017
MT0004823,MONTANA TECH   UNIVERSITY OF MONTANA,Region 8,Montana,Non-Transient non-community system,State,Surface water purchased,Active,-,3200,Lead and Copper Rule,51,Initial Tap Sampling for Pb and Cu,MR,N,Lead and Copper Rule,01-JUL-2017,-,Open,-,SIE,State Public Notification requested,-,-,3,29-SEP-2017
TX1520247,COUNTRY VIEW MHP,Region 6,Texas,Community water system,State,Ground water,Active,-,55,Lead and Copper Rule,52,Follow-up Or Routine LCR Tap M/R,MR,N,Lead and Copper Rule,01-JUL-2017,-,Open,-,SIE,State Public Notification requested,-,-,3,25-SEP-2017
TX1520198,VALLEY ESTATES,Region 6,Texas,Community water system,State,Ground water,Active,-,70,Lead and Copper Rule,52,Follow-up Or Routine LCR Tap M/R,MR,N,Lead and Copper Rule,01-JUL-2017,-,Open,-,SIE,State Public Notification requested,-,-,3,25-SEP-2017
TX1550127,MOORES WATER SYSTEM,Region 6,Texas,Community water system,State,Ground water,Active,-,252,Lead and Copper Rule,52,Follow-up Or Routine LCR Tap M/R,MR,N,Lead and Copper Rule,01-JUL-2017,-,Open,-,SIE,State Public Notification requested,-,-,3,25-SEP-2017
PA3061067,BLUE MTN COOP TILDEN IND PARK,Region 3,Pennsylvania,Non-Transient non-community system,State,Ground water,Active,-,4000,Lead and Copper Rule,52,Follow-up Or Routine LCR Tap M/R,MR,N,Lead and Copper Rule,01-JUL-2017,-,Open,-,SIA,State Violation/Reminder Notice,-,-,3,18-AUG-2017
PA3060807,BLUE MOUNTAIN ACADEMY,Region 3,Pennsylvania,Non-Transient non-community system,State,Ground water,Active,-,200,Lead and Copper Rule,52,Follow-up Or Routine LCR Tap M/R,MR,N,Lead and Copper Rule,01-JUL-2017,-,Open,-,SIE,State Public Notification requested,-,-,3,18-AUG-2017
TX2330050,DEL GRANDE MOBILE HOME PARK,Region 6,Texas,Community water system,State,Ground water,Active,-,288,Lead and Copper Rule,52,Follow-up Or Routine LCR Tap M/R,MR,N,Lead and Copper Rule,01-JUL-2017,-,Open,-,SIE,State Public Notification requested,-,-,3,25-SEP-2017
PA1090049,PEDIATRIC SPECIALY CARE,Region 3,Pennsylvania,Community water system,State,Ground water,Active,-,56,Lead and Copper Rule,52,Follow-up Or Routine LCR Tap M/R,MR,N,Lead and Copper Rule,01-JUL-2017,-,Open,-,SIA,State Violation/Reminder Notice,-,-,3,18-AUG-2017
WA5300924,BLOEDEL RESERVE,Region 10,Washington,Non-Transient non-community system,State,Ground water,Active,-,334,Lead and Copper Rule,51,Initial Tap Sampling for Pb and Cu,MR,N,Lead and Copper Rule,01-JUL-2017,-,Open,-,-,-,-,-,3,19-SEP-2017
LA1077049,M&S WATER SUPPLY COMPANY - LEMOINE TP,Region 6,Louisiana,Community water system,State,Ground water,Active,-,600,Lead and Copper Rule,51,Initial Tap Sampling for Pb and Cu,MR,N,Lead and Copper Rule,01-JUL-2017,-,Open,-,SIE,State Public Notification requested,-,-,3,25-SEP-2017
TX0660001,DUVAL COUNTY CRD BENAVIDES,Region 6,Texas,Community water system,State,Ground water,Active,-,1362,Lead and Copper Rule,52,Follow-up Or Routine LCR Tap M/R,MR,N,Lead and Copper Rule,01-JUL-2017,-,Open,-,SFO,State Administrative/Compliance Order with penalty issued,-,-,3,25-SEP-2017
TX1890011,CANDELARIA WSC,Region 6,Texas,Community water system,State,Ground water,Active,-,84,Lead and Copper Rule,52,Follow-up Or Routine LCR Tap M/R,MR,N,Lead and Copper Rule,01-JUL-2017,-,Open,-,SIE,State Public Notification requested,-,-,3,25-SEP-2017
TX2490018,T L WATER JONES ACRES,Region 6,Texas,Community water system,State,Ground water,Active,-,120,Lead and Copper Rule,52,Follow-up Or Routine LCR Tap M/R,MR,N,Lead and Copper Rule,01-JUL-2017,-,Open,-,SIE,State Public Notification requested,-,-,3,25-SEP-2017
TX2330022,HOLIDAY TRAV L PARK,Region 6,Texas,Community water system,State,Ground water,Active,-,660,Lead and Copper Rule,52,Follow-up Or Routine LCR Tap M/R,MR,N,Lead and Copper Rule,01-JUL-2017,-,Open,-,SIE,State Public Notification requested,-,-,3,25-SEP-2017
ME0092362,STANDISH BAPTIST CHURCH,Region 1,Maine,Non-Transient non-community system,State,Ground water,Active,-,73,Lead and Copper Rule,52,Follow-up Or Routine LCR Tap M/R,MR,N,Lead and Copper Rule,01-JUL-2017,-,Open,-,SIE,State Public Notification requested,-,-,3,02-OCT-2017
TX0030006,WALNUT RIDGE ESTATES WATER SYSTEM,Region 6,Texas,Community water system,State,Ground water,Active,-,178,Lead and Copper Rule,52,Follow-up Or Routine LCR Tap M/R,MR,N,Lead and Copper Rule,01-JUL-2017,-,Open,-,SIE,State Public Notification requested,-,-,3,25-SEP-2017
NC4093005,WARREN COUNTY-NORTHAMPTON,Region 4,North Carolina,Community water system,State,Surface water purchased,Active,-,864,Lead and Copper Rule,52,Follow-up Or Routine LCR Tap M/R,MR,N,Lead and Copper Rule,01-JUL-2017,-,Returned to Compliance,28-AUG-2017,SOX,State Compliance achieved,-,-,3,29-SEP-2017
TX0460193,ESPINAZO DEL DIABLO,Region 6,Texas,Community water system,State,Ground water,Active,-,45,Lead and Copper Rule,51,Initial Tap Sampling for Pb and Cu,MR,N,Lead and Copper Rule,01-JUL-2017,-,Open,-,SIE,State Public Notification requested,-,-,3,25-SEP-2017
TX0610208,LAST RESORT PROPERTIES,Region 6,Texas,Community water system,State,Ground water,Active,-,75,Lead and Copper Rule,52,Follow-up Or Routine LCR Tap M/R,MR,N,Lead and Copper Rule,01-JUL-2017,-,Open,-,SIE,State Public Notification requested,-,-,3,25-SEP-2017
MT0004813,UNIVERSITY OF GREAT FALLS,Region 8,Montana,Non-Transient non-community system,State,Surface water purchased,Active,-,1472,Lead and Copper Rule,51,Initial Tap Sampling for Pb and Cu,MR,N,Lead and Copper Rule,01-JUL-2017,-,Open,-,SIE,State Public Notification requested,-,-,3,29-SEP-2017
TX1110016,SKY HARBOUR WSC,Region 6,Texas,Community water system,State,Ground water,Active,-,1083,Lead and Copper Rule,52,Follow-up Or Routine LCR Tap M/R,MR,N,Lead and Copper Rule,01-JUL-2017,-,Open,-,SIF,State Public Notification received,-,-,3,25-SEP-2017
TX1020020,CYPRESS VALLEY WSC PLANT 1,Region 6,Texas,Community water system,State,Ground water,Active,-,654,Lead and Copper Rule,52,Follow-up Or Routine LCR Tap M/R,MR,N,Lead and Copper Rule,01-JUL-2017,-,Open,-,SIE,State Public Notification requested,-,-,3,25-SEP-2017
TX1020088,CYPRESS VALLEY WSC PLANT 2,Region 6,Texas,Community water system,State,Ground water,Active,-,732,Lead and Copper Rule,52,Follow-up Or Routine LCR Tap M/R,MR,N,Lead and Copper Rule,01-JUL-2017,-,Open,-,SIE,State Public Notification requested,-,-,3,25-SEP-2017
TX2350006,VICTORIA COUNTY WCID 2,Region 6,Texas,Community water system,State,Ground water,Active,-,822,Lead and Copper Rule,52,Follow-up Or Routine LCR Tap M/R,MR,N,Lead and Copper Rule,01-JUL-2017,-,Open,-,SIE,State Public Notification requested,-,-,3,25-SEP-2017
CO0160175,FLORISSANT WSD,Region 8,Colorado,Community water system,State,Groundwater under influence of surface water,Active,-,250,Lead and Copper Rule,56,"Initial, Follow-up, or Routine Source Water M/R",MR,N,Lead and Copper Rule,01-JUL-2017,-,Open,-,SIE,State Public Notification requested,-,-,3,15-AUG-2017
CO0160175,FLORISSANT WSD,Region 8,Colorado,Community water system,State,Groundwater under influence of surface water,Active,-,250,Lead and Copper Rule,57,OCCT/SOWT Study/Recommendation,TT,Y,Lead and Copper Rule,01-JUL-2017,-,Open,-,SIE,State Public Notification requested,-,-,2,15-AUG-2017
ME0094811,COASTAL MAINE BOTANICAL GARDENS,Region 1,Maine,Non-Transient non-community system,State,Ground water,Active,-,31,Lead and Copper Rule,51,Initial Tap Sampling for Pb and Cu,MR,N,Lead and Copper Rule,01-JUL-2017,-,Open,-,SIF,State Public Notification received,-,-,3,02-OCT-2017
PA2450677,MT AIRY CASINO & RESORT,Region 3,Pennsylvania,Community water system,State,Ground water,Active,-,7000,Lead and Copper Rule,52,Follow-up Or Routine LCR Tap M/R,MR,N,Lead and Copper Rule,01-JUL-2017,-,Open,-,SIA,State Violation/Reminder Notice,-,-,3,18-AUG-2017
CO0125709,SHADOW MOUNTAIN VILLAGE,Region 8,Colorado,Non-Transient non-community system,State,Ground water,Active,-,115,Lead and Copper Rule,52,Follow-up Or Routine LCR Tap M/R,MR,N,Lead and Copper Rule,01-JUL-2017,-,Open,-,SIE,State Public Notification requested,-,-,3,15-AUG-2017
MT0000212,FAIRFIELD  TOWN OF,Region 8,Montana,Community water system,State,Ground water,Active,-,718,Lead and Copper Rule,52,Follow-up Or Routine LCR Tap M/R,MR,N,Lead and Copper Rule,01-JUL-2017,-,Open,-,SIE,State Public Notification requested,-,-,3,29-SEP-2017
TX1910045,OLD WEST MOBILE HOME PARK,Region 6,Texas,Community water system,State,Ground water,Active,-,80,Lead and Copper Rule,52,Follow-up Or Routine LCR Tap M/R,MR,N,Lead and Copper Rule,01-JUL-2017,-,Open,-,SIE,State Public Notification requested,-,-,3,25-SEP-2017
TX0490041,PLEASANT RIDGE ADDITION,Region 6,Texas,Community water system,State,Ground water,Active,-,198,Lead and Copper Rule,52,Follow-up Or Routine LCR Tap M/R,MR,N,Lead and Copper Rule,01-JUL-2017,-,Open,-,SIE,State Public Notification requested,-,-,3,25-SEP-2017
TX0490030,TIMBER CREEK ADDITION,Region 6,Texas,Community water system,State,Ground water,Active,-,132,Lead and Copper Rule,52,Follow-up Or Routine LCR Tap M/R,MR,N,Lead and Copper Rule,01-JUL-2017,-,Open,-,SFJ,State Formal Notice of Violation issued,-,-,3,25-SEP-2017
LA1117127,SANDSTONE LAKE WATER SUPPLY,Region 6,Louisiana,Community water system,State,Ground water,Active,-,25,Lead and Copper Rule,52,Follow-up Or Routine LCR Tap M/R,MR,N,Lead and Copper Rule,01-JUL-2017,-,Open,-,SIE,State Public Notification requested,-,-,3,25-SEP-2017
TX0100068,CHILDRENS DEPOT,Region 6,Texas,Non-Transient non-community system,State,Ground water,Active,-,35,Lead and Copper Rule,52,Follow-up Or Routine LCR Tap M/R,MR,N,Lead and Copper Rule,01-JUL-2017,-,Open,-,SIE,State Public Notification requested,-,-,3,25-SEP-2017
TX0460201,BRACKEN CHRISTIAN SCHOOL,Region 6,Texas,Non-Transient non-community system,State,Ground water,Active,-,300,Lead and Copper Rule,52,Follow-up Or Routine LCR Tap M/R,MR,N,Lead and Copper Rule,01-JUL-2017,-,Open,-,SIE,State Public Notification requested,-,-,3,25-SEP-2017
TX0610161,EAST PONDER ESTATES,Region 6,Texas,Community water system,State,Ground water,Active,-,210,Lead and Copper Rule,52,Follow-up Or Routine LCR Tap M/R,MR,N,Lead and Copper Rule,01-JUL-2017,-,Open,-,SIE,State Public Notification requested,-,-,3,25-SEP-2017
LA2099094,SOUTHEASTERN MILLS WATER SYSTEM,Region 6,Louisiana,Non-Transient non-community system,State,Ground water,Active,-,90,Lead and Copper Rule,51,Initial Tap Sampling for Pb and Cu,MR,N,Lead and Copper Rule,01-JUL-2017,-,Open,-,SIE,State Public Notification requested,-,-,3,25-SEP-2017
TX1010760,SUBURBAN MOBILE HOME PARK 2,Region 6,Texas,Community water system,State,Ground water,Active,-,120,Lead and Copper Rule,52,Follow-up Or Routine LCR Tap M/R,MR,N,Lead and Copper Rule,01-JUL-2017,-,Open,-,SIE,State Public Notification requested,-,-,3,25-SEP-2017
TX0960003,TURKEY MUNICIPAL WATER SYSTEM,Region 6,Texas,Community water system,State,Ground water,Active,-,421,Lead and Copper Rule,52,Follow-up Or Routine LCR Tap M/R,MR,N,Lead and Copper Rule,01-JUL-2017,-,Open,-,SIE,State Public Notification requested,-,-,3,25-SEP-2017
TX0660015,DUVAL COUNTY CRD CONCEPCION,Region 6,Texas,Community water system,State,Ground water,Active,-,161,Lead and Copper Rule,52,Follow-up Or Routine LCR Tap M/R,MR,N,Lead and Copper Rule,01-JUL-2017,-,Open,-,SIE,State Public Notification requested,-,-,3,25-SEP-2017
TX1090045,BEACHVIEW ACRES WATER ASSOCIATION,Region 6,Texas,Community water system,State,Ground water,Active,-,56,Lead and Copper Rule,52,Follow-up Or Routine LCR Tap M/R,MR,N,Lead and Copper Rule,01-JUL-2017,-,Open,-,SIE,State Public Notification requested,-,-,3,25-SEP-2017
TX1910026,AMBERWOOD WATER SYSTEM,Region 6,Texas,Community water system,State,Ground water,Active,-,300,Lead and Copper Rule,52,Follow-up Or Routine LCR Tap M/R,MR,N,Lead and Copper Rule,01-JUL-2017,-,Open,-,SIE,State Public Notification requested,-,-,3,25-SEP-2017
TX2050010,SAINT PAUL WSC,Region 6,Texas,Community water system,State,Ground water,Active,-,450,Lead and Copper Rule,52,Follow-up Or Routine LCR Tap M/R,MR,N,Lead and Copper Rule,01-JUL-2017,-,Open,-,SIE,State Public Notification requested,-,-,3,25-SEP-2017
MT0000374,"BAIR CLARK PROPERTIES, LLC",Region 8,Montana,Community water system,State,Ground water,Active,-,180,Lead and Copper Rule,52,Follow-up Or Routine LCR Tap M/R,MR,N,Lead and Copper Rule,01-JUL-2017,-,Returned to Compliance,28-JUN-2017,SIE,State Public Notification requested,-,-,3,29-SEP-2017
MT0004450,WEST MOUNTAIN ESTATES,Region 8,Montana,Community water system,State,Ground water,Active,-,30,Lead and Copper Rule,51,Initial Tap Sampling for Pb and Cu,MR,N,Lead and Copper Rule,01-JUL-2017,-,Returned to Compliance,29-JUN-2017,SIE,State Public Notification requested,-,-,3,29-SEP-2017
TX2440003,NORTHSIDE WSC,Region 6,Texas,Community water system,State,Ground water purchased,Active,-,225,Lead and Copper Rule,52,Follow-up Or Routine LCR Tap M/R,MR,N,Lead and Copper Rule,01-JUL-2017,-,Open,-,SIE,State Public Notification requested,-,-,3,25-SEP-2017
TX1840077,MOUNTAIN RIVER WATER COMPANY,Region 6,Texas,Community water system,State,Ground water,Active,-,387,Lead and Copper Rule,52,Follow-up Or Routine LCR Tap M/R,MR,N,Lead and Copper Rule,01-JUL-2017,-,Open,-,SIE,State Public Notification requested,-,-,3,25-SEP-2017
MT0004082,RIVER ROCK COUNTY WATER AND SEWER DIST,Region 8,Montana,Community water system,State,Ground water,Active,-,4200,Lead and Copper Rule,52,Follow-up Or Routine LCR Tap M/R,MR,N,Lead and Copper Rule,01-JUL-2017,-,Open,-,SIE,State Public Notification requested,-,-,3,29-SEP-2017
TX0310017,CITRUS TRAILER PARK,Region 6,Texas,Community water system,State,Ground water,Active,-,40,Lead and Copper Rule,52,Follow-up Or Routine LCR Tap M/R,MR,N,Lead and Copper Rule,01-JUL-2017,-,Open,-,SIE,State Public Notification requested,-,-,3,25-SEP-2017
TX1520250,SCOTT MANUFACTURING,Region 6,Texas,Non-Transient non-community system,State,Ground water,Active,-,65,Lead and Copper Rule,52,Follow-up Or Routine LCR Tap M/R,MR,N,Lead and Copper Rule,01-JUL-2017,-,Open,-,SIF,State Public Notification received,-,-,3,25-SEP-2017
TX0720028,GREEN CREEK WSC,Region 6,Texas,Community water system,State,Surface water purchased,Active,-,558,Lead and Copper Rule,52,Follow-up Or Routine LCR Tap M/R,MR,N,Lead and Copper Rule,01-JUL-2017,-,Open,-,SIF,State Public Notification received,-,-,3,25-SEP-2017
TX1870004,WOODS CREEK WSC,Region 6,Texas,Community water system,State,Ground water,Active,-,277,Lead and Copper Rule,52,Follow-up Or Routine LCR Tap M/R,MR,N,Lead and Copper Rule,01-JUL-2017,-,Open,-,SIE,State Public Notification requested,-,-,3,25-SEP-2017
TX0200409,WOLFE AIR PARK,Region 6,Texas,Community water system,State,Ground water,Active,-,42,Lead and Copper Rule,52,Follow-up Or Routine LCR Tap M/R,MR,N,Lead and Copper Rule,01-JUL-2017,-,Open,-,SIE,State Public Notification requested,-,-,3,25-SEP-2017
TX1910006,CATALPA VILLA,Region 6,Texas,Community water system,State,Ground water,Active,-,150,Lead and Copper Rule,52,Follow-up Or Routine LCR Tap M/R,MR,N,Lead and Copper Rule,01-JUL-2017,-,Open,-,SIE,State Public Notification requested,-,-,3,25-SEP-2017
TX1800003,ADRIAN MUNICIPAL WATER SYSTEM,Region 6,Texas,Community water system,State,Ground water,Active,-,166,Lead and Copper Rule,52,Follow-up Or Routine LCR Tap M/R,MR,N,Lead and Copper Rule,01-JUL-2017,-,Open,-,SIF,State Public Notification received,-,-,3,25-SEP-2017
NH0162390,SUGARWOOD ON THE SACO,Region 1,New Hampshire,Community water system,State,Ground water,Active,-,30,Lead and Copper Rule,52,Follow-up Or Routine LCR Tap M/R,MR,N,Lead and Copper Rule,01-JUL-2017,-,Returned to Compliance,30-AUG-2017,SIF,State Public Notification received,-,-,3,05-OCT-2017
TX2080007,KEY MOBILE HOME PARK,Region 6,Texas,Community water system,State,Surface water purchased,Active,-,55,Lead and Copper Rule,52,Follow-up Or Routine LCR Tap M/R,MR,N,Lead and Copper Rule,01-JUL-2017,-,Open,-,SIE,State Public Notification requested,-,-,3,25-SEP-2017
TX1011684,J & L TERRY LANE,Region 6,Texas,Community water system,State,Ground water,Active,-,48,Lead and Copper Rule,52,Follow-up Or Routine LCR Tap M/R,MR,N,Lead and Copper Rule,01-JUL-2017,-,Open,-,SIE,State Public Notification requested,-,-,3,25-SEP-2017
TX0200563,BATEMAN WATER WORKS,Region 6,Texas,Community water system,State,Ground water,Active,-,72,Lead and Copper Rule,52,Follow-up Or Routine LCR Tap M/R,MR,N,Lead and Copper Rule,01-JUL-2017,-,Open,-,SIE,State Public Notification requested,-,-,3,25-SEP-2017
TX1840034,ABRAXAS UTILITIES,Region 6,Texas,Community water system,State,Ground water,Active,-,552,Lead and Copper Rule,52,Follow-up Or Routine LCR Tap M/R,MR,N,Lead and Copper Rule,01-JUL-2017,-,Open,-,SIE,State Public Notification requested,-,-,3,25-SEP-2017
MT0004920,SHEPHERD WATER STATION,Region 8,Montana,Community water system,State,Ground water,Active,-,100,Lead and Copper Rule,51,Initial Tap Sampling for Pb and Cu,MR,N,Lead and Copper Rule,01-JUL-2017,-,Open,-,SIE,State Public Notification requested,-,-,3,29-SEP-2017
TX0360026,VISTA UTILITIES,Region 6,Texas,Community water system,State,Ground water,Active,-,75,Lead and Copper Rule,52,Follow-up Or Routine LCR Tap M/R,MR,N,Lead and Copper Rule,01-JUL-2017,-,Open,-,SIE,State Public Notification requested,-,-,3,25-SEP-2017
MT0004873,RAINBOW ESTATES,Region 8,Montana,Community water system,State,Ground water,Active,-,30,Lead and Copper Rule,51,Initial Tap Sampling for Pb and Cu,MR,N,Lead and Copper Rule,01-JUL-2017,-,Open,-,SIE,State Public Notification requested,-,-,3,29-SEP-2017
MT0001774,HILLDALE COLONY,Region 8,Montana,Community water system,State,Surface water purchased,Active,-,79,Lead and Copper Rule,51,Initial Tap Sampling for Pb and Cu,MR,N,Lead and Copper Rule,01-JUL-2017,-,Open,-,SIE,State Public Notification requested,-,-,3,29-SEP-2017
PA2641033,STERLING BUSINESS PARK,Region 3,Pennsylvania,Non-Transient non-community system,State,Ground water,Active,-,25,Lead and Copper Rule,51,Initial Tap Sampling for Pb and Cu,MR,N,Lead and Copper Rule,01-JUL-2017,-,Open,-,SIE,State Public Notification requested,-,-,3,18-AUG-2017
TX1450019,EAST CEDAR CREEK WATER SYSTEM,Region 6,Texas,Community water system,State,Ground water,Active,-,50,Lead and Copper Rule,52,Follow-up Or Routine LCR Tap M/R,MR,N,Lead and Copper Rule,01-JUL-2017,-,Open,-,SIE,State Public Notification requested,-,-,3,25-SEP-2017
TX1700344,LAZY LANE MOBILE HOME PARK,Region 6,Texas,Community water system,State,Ground water,Active,-,195,Lead and Copper Rule,52,Follow-up Or Routine LCR Tap M/R,MR,N,Lead and Copper Rule,01-JUL-2017,-,Open,-,SIE,State Public Notification requested,-,-,3,25-SEP-2017
TX1520225,FAY BEN MOBILE HOME PARK,Region 6,Texas,Community water system,State,Ground water,Active,-,125,Lead and Copper Rule,52,Follow-up Or Routine LCR Tap M/R,MR,N,Lead and Copper Rule,01-JUL-2017,-,Open,-,SIE,State Public Notification requested,-,-,3,25-SEP-2017
